file,variable,variable_type,responses,question_standardized,response_standardized
data/Mali/CHAMPS_Verbal_Autopsy_Form_results.xlsx,Date_interview,Non-categorical,Non-categorical variable,interview_date,
data/Mali/CHAMPS_Verbal_Autopsy_Form_results.xlsx,ID_sujet,Non-categorical,Non-categorical variable,subject_id,
data/Mali/CHAMPS_Verbal_Autopsy_Form_results.xlsx,Debut,Non-categorical,Non-categorical variable,start_time,
data/Mali/CHAMPS_Verbal_Autopsy_Form_results.xlsx,Section_1.1.Date_naissance,Non-categorical,Non-categorical variable,birth_date,
data/Mali/CHAMPS_Verbal_Autopsy_Form_results.xlsx,Section_1.1.Sexe,Categorical,garcon,sex,male
data/Mali/CHAMPS_Verbal_Autopsy_Form_results.xlsx,Section_1.1.Sexe,Categorical,fille,sex,female
data/Mali/CHAMPS_Verbal_Autopsy_Form_results.xlsx,Section_1.1.Date_deces,Non-categorical,Non-categorical variable,date_deceased,
data/Mali/CHAMPS_Verbal_Autopsy_Form_results.xlsx,Section_1.1.Age_deces,Non-categorical,Non-categorical variable,age_deceased,
data/Mali/CHAMPS_Verbal_Autopsy_Form_results.xlsx,Section_1.1.Numero_ID,Non-categorical,Non-categorical variable,id_number,
data/Mali/CHAMPS_Verbal_Autopsy_Form_results.xlsx,Section_1.2.Resultat,Categorical,rempli,complete,complete
data/Mali/CHAMPS_Verbal_Autopsy_Form_results.xlsx,Section_1.2.Resultat,Categorical,autres_resultat,complete_other,
data/Mali/CHAMPS_Verbal_Autopsy_Form_results.xlsx,Section_1.2.Resultat_rempli_oui.Section_2.Relation,Categorical,mere,respondent_relationship,mother
data/Mali/CHAMPS_Verbal_Autopsy_Form_results.xlsx,Section_1.2.Resultat_rempli_oui.Section_2.Relation,Categorical,pere ,respondent_relationship,father
data/Mali/CHAMPS_Verbal_Autopsy_Form_results.xlsx,Section_1.2.Resultat_rempli_oui.Section_2.Relation,Categorical,soeur,respondent_relationship,sister
data/Mali/CHAMPS_Verbal_Autopsy_Form_results.xlsx,Section_1.2.Resultat_rempli_oui.Section_2.Relation,Categorical,frere,respondent_relationship,brother
data/Mali/CHAMPS_Verbal_Autopsy_Form_results.xlsx,Section_1.2.Resultat_rempli_oui.Section_2.Relation,Categorical,grandmere,respondent_relationship,grandmother
data/Mali/CHAMPS_Verbal_Autopsy_Form_results.xlsx,Section_1.2.Resultat_rempli_oui.Section_2.Relation,Categorical,grandpere,respondent_relationship,grandfather
data/Mali/CHAMPS_Verbal_Autopsy_Form_results.xlsx,Section_1.2.Resultat_rempli_oui.Section_2.Relation,Categorical,tante,respondent_relationship,aunt
data/Mali/CHAMPS_Verbal_Autopsy_Form_results.xlsx,Section_1.2.Resultat_rempli_oui.Section_2.Relation,Categorical,oncle,respondent_relationship,uncle
data/Mali/CHAMPS_Verbal_Autopsy_Form_results.xlsx,Section_1.2.Resultat_rempli_oui.Section_2.Relation,Categorical,pas de relation,respondent_relationship,no_relation
data/Mali/CHAMPS_Verbal_Autopsy_Form_results.xlsx,Section_1.2.Resultat_rempli_oui.Section_2.Relation,Non-categorical,autre,respondent_relationship_other,
data/Mali/CHAMPS_Verbal_Autopsy_Form_results.xlsx,Section_1.2.Resultat_rempli_oui.Section_2.Viv_defunt,Categorical,oui,live_with_deceased_before_death,yes
data/Mali/CHAMPS_Verbal_Autopsy_Form_results.xlsx,Section_1.2.Resultat_rempli_oui.Section_2.Viv_defunt,Categorical,non,live_with_deceased_before_death,no
data/Mali/CHAMPS_Verbal_Autopsy_Form_results.xlsx,Section_1.2.Resultat_rempli_oui.Section_3.Ou_decede,Categorical,hopital,location_died,hospital
data/Mali/CHAMPS_Verbal_Autopsy_Form_results.xlsx,Section_1.2.Resultat_rempli_oui.Section_3.Ou_decede,Categorical,maison,location_died,home
data/Mali/CHAMPS_Verbal_Autopsy_Form_results.xlsx,Section_1.2.Resultat_rempli_oui.Section_3.Ou_decede,Categorical,autres,location_died,other
data/Mali/CHAMPS_Verbal_Autopsy_Form_results.xlsx,Section_1.2.Resultat_rempli_oui.Section_3.Autres_decede,Non-categorical,Non-categorical variable,location_died_other,
data/Mali/CHAMPS_Verbal_Autopsy_Form_results.xlsx,Section_1.2.Resultat_rempli_oui.Section_3.Decede_centre,Categorical,non,location_died_health_centre,no
data/Mali/CHAMPS_Verbal_Autopsy_Form_results.xlsx,Section_1.2.Resultat_rempli_oui.Section_3.Decede_centre,Categorical,oui,location_died_health_centre,yes
data/Mali/CHAMPS_Verbal_Autopsy_Form_results.xlsx,Section_1.2.Resultat_rempli_oui.Section_3.Code_centre,Non-categorical,Non-categorical variable,health_centre_code,
data/Mali/CHAMPS_Verbal_Autopsy_Form_results.xlsx,Section_1.2.Resultat_rempli_oui.Section_4.Maladie,Non-categorical,Non-categorical variable,illness,
data/Mali/CHAMPS_Verbal_Autopsy_Form_results.xlsx,Section_1.2.Resultat_rempli_oui.Section_4.Cause1_mort,Non-categorical,Non-categorical variable,death_cause,
data/Mali/CHAMPS_Verbal_Autopsy_Form_results.xlsx,Section_1.2.Resultat_rempli_oui.Section_5.Maladies_oui.Mal_coeur,Categorical,non,illness_heart_issue,no
data/Mali/CHAMPS_Verbal_Autopsy_Form_results.xlsx,Section_1.2.Resultat_rempli_oui.Section_5.Maladies_oui.Mal_coeur,Categorical,oui,illness_heart_issue,yes
data/Mali/CHAMPS_Verbal_Autopsy_Form_results.xlsx,Section_1.2.Resultat_rempli_oui.Section_5.Maladies_oui.Mal_coeur,Categorical,ne_sait_pas,illness_heart_issue,unknown
data/Mali/CHAMPS_Verbal_Autopsy_Form_results.xlsx,Section_1.2.Resultat_rempli_oui.Section_5.Maladies_oui.Mal_diabete,Categorical,non,illness_diabetes,no
data/Mali/CHAMPS_Verbal_Autopsy_Form_results.xlsx,Section_1.2.Resultat_rempli_oui.Section_5.Maladies_oui.Mal_diabete,Categorical,oui,illness_diabetes,yes
data/Mali/CHAMPS_Verbal_Autopsy_Form_results.xlsx,Section_1.2.Resultat_rempli_oui.Section_5.Maladies_oui.Mal_diabete,Categorical,ne_sait_pas,illness_diabetes,unknown
data/Mali/CHAMPS_Verbal_Autopsy_Form_results.xlsx,Section_1.2.Resultat_rempli_oui.Section_5.Maladies_oui.Mal_asthme,Categorical,non,illness_asthma,no
data/Mali/CHAMPS_Verbal_Autopsy_Form_results.xlsx,Section_1.2.Resultat_rempli_oui.Section_5.Maladies_oui.Mal_asthme,Categorical,oui,illness_asthma,yes
data/Mali/CHAMPS_Verbal_Autopsy_Form_results.xlsx,Section_1.2.Resultat_rempli_oui.Section_5.Maladies_oui.Mal_asthme,Categorical,ne_sait_pas,illness_asthma,unknown
data/Mali/CHAMPS_Verbal_Autopsy_Form_results.xlsx,Section_1.2.Resultat_rempli_oui.Section_5.Maladies_oui.Mal_epilepsie,Categorical,non,illness_epilepsy,no
data/Mali/CHAMPS_Verbal_Autopsy_Form_results.xlsx,Section_1.2.Resultat_rempli_oui.Section_5.Maladies_oui.Mal_epilepsie,Categorical,oui,illness_epilepsy,yes
data/Mali/CHAMPS_Verbal_Autopsy_Form_results.xlsx,Section_1.2.Resultat_rempli_oui.Section_5.Maladies_oui.Mal_epilepsie,Categorical,ne_sait_pas,illness_epilepsy,unknown
data/Mali/CHAMPS_Verbal_Autopsy_Form_results.xlsx,Section_1.2.Resultat_rempli_oui.Section_5.Maladies_oui.Mal_malnutrition,Categorical,non,illness_malnutrition,no
data/Mali/CHAMPS_Verbal_Autopsy_Form_results.xlsx,Section_1.2.Resultat_rempli_oui.Section_5.Maladies_oui.Mal_malnutrition,Categorical,oui,illness_malnutrition,yes
data/Mali/CHAMPS_Verbal_Autopsy_Form_results.xlsx,Section_1.2.Resultat_rempli_oui.Section_5.Maladies_oui.Mal_malnutrition,Categorical,ne_sait_pas,illness_malnutrition,unknown
data/Mali/CHAMPS_Verbal_Autopsy_Form_results.xlsx,Section_1.2.Resultat_rempli_oui.Section_5.Maladies_oui.Mal_cancer,Categorical,non,illness_cancer,no
data/Mali/CHAMPS_Verbal_Autopsy_Form_results.xlsx,Section_1.2.Resultat_rempli_oui.Section_5.Maladies_oui.Type_cancer,Categorical,oui,illness_cancer,yes
data/Mali/CHAMPS_Verbal_Autopsy_Form_results.xlsx,Section_1.2.Resultat_rempli_oui.Section_5.Maladies_oui.Type_cancer,Categorical,ne_sait_pas,illness_cancer,unknown
data/Mali/CHAMPS_Verbal_Autopsy_Form_results.xlsx,Section_1.2.Resultat_rempli_oui.Section_5.Maladies_oui.Mal_tuberculose,Categorical,non,illness_tb,no
data/Mali/CHAMPS_Verbal_Autopsy_Form_results.xlsx,Section_1.2.Resultat_rempli_oui.Section_5.Maladies_oui.Mal_tuberculose,Categorical,oui,illness_tb,yes
data/Mali/CHAMPS_Verbal_Autopsy_Form_results.xlsx,Section_1.2.Resultat_rempli_oui.Section_5.Maladies_oui.Mal_tuberculose,Categorical,ne_sait_pas,illness_tb,unknown
data/Mali/CHAMPS_Verbal_Autopsy_Form_results.xlsx,Section_1.2.Resultat_rempli_oui.Section_5.Maladies_oui.Mal_VIH,Categorical,non,illness_hiv,no
data/Mali/CHAMPS_Verbal_Autopsy_Form_results.xlsx,Section_1.2.Resultat_rempli_oui.Section_5.Maladies_oui.Mal_VIH,Categorical,oui,illness_hiv,yes
data/Mali/CHAMPS_Verbal_Autopsy_Form_results.xlsx,Section_1.2.Resultat_rempli_oui.Section_5.Maladies_oui.Mal_VIH,Categorical,ne_sait_pas,illness_hiv,unknown
data/Mali/CHAMPS_Verbal_Autopsy_Form_results.xlsx,Section_1.2.Resultat_rempli_oui.Section_5.Maladies_oui.Mal_autre,Categorical,non,illness_other,no
data/Mali/CHAMPS_Verbal_Autopsy_Form_results.xlsx,Section_1.2.Resultat_rempli_oui.Section_5.Maladies_oui.Mal_autre,Categorical,oui,illness_other,yes
data/Mali/CHAMPS_Verbal_Autopsy_Form_results.xlsx,Section_1.2.Resultat_rempli_oui.Section_5.Maladies_oui.Mal_autre,Categorical,ne_sait_pas,illness_other,unknown
data/Mali/CHAMPS_Verbal_Autopsy_Form_results.xlsx,Section_1.2.Resultat_rempli_oui.Section_6.Blessure,Categorical,non,injury,no
data/Mali/CHAMPS_Verbal_Autopsy_Form_results.xlsx,Section_1.2.Resultat_rempli_oui.Section_6.Blessure,Categorical,oui,injury,yes
data/Mali/CHAMPS_Verbal_Autopsy_Form_results.xlsx,Section_1.2.Resultat_rempli_oui.Section_6.Blessure,Categorical,ne_sait_pas,injury,unknown
data/Mali/CHAMPS_Verbal_Autopsy_Form_results.xlsx,Section_1.2.Resultat_rempli_oui.Section_6.Blessure_oui.Type_blessure,Categorical,transport,injury_type,transport
data/Mali/CHAMPS_Verbal_Autopsy_Form_results.xlsx,Section_1.2.Resultat_rempli_oui.Section_6.Blessure_oui.Type_blessure,Categorical,chute,injury_type,fall
data/Mali/CHAMPS_Verbal_Autopsy_Form_results.xlsx,Section_1.2.Resultat_rempli_oui.Section_6.Blessure_oui.Type_blessure,Categorical,brulure,injury_type,burn
data/Mali/CHAMPS_Verbal_Autopsy_Form_results.xlsx,Section_1.2.Resultat_rempli_oui.Section_6.Blessure_oui.Type_blessure,Non-categorical,autre,injury_type_other,
data/Mali/CHAMPS_Verbal_Autopsy_Form_results.xlsx,Section_1.2.Resultat_rempli_oui.Section_6.Blessure_oui.Blessure_inflge,Categorical,non,injury_inflicted,no
data/Mali/CHAMPS_Verbal_Autopsy_Form_results.xlsx,Section_1.2.Resultat_rempli_oui.Section_6.Blessure_oui.Blessure_inflge,Categorical,ne_sait_pas,injury_inflicted,unknown
data/Mali/CHAMPS_Verbal_Autopsy_Form_results.xlsx,Section_1.2.Resultat_rempli_oui.Section_6.Animal,Categorical,non,injury_venomous_animal,no
data/Mali/CHAMPS_Verbal_Autopsy_Form_results.xlsx,Section_1.2.Resultat_rempli_oui.Section_6.Animal,Categorical,oui,injury_venomous_animal,yes
data/Mali/CHAMPS_Verbal_Autopsy_Form_results.xlsx,Section_1.2.Resultat_rempli_oui.Section_6.Type_animal,Categorical,ne_sait_pas,injury_venomous_animal_type,unknown
data/Mali/CHAMPS_Verbal_Autopsy_Form_results.xlsx,Section_1.2.Resultat_rempli_oui.Section_6.Autre_animal,Non-categorical,Non-categorical variable,injury_animal_other,
data/Mali/CHAMPS_Verbal_Autopsy_Form_results.xlsx,Section_1.2.Resultat_rempli_oui.Section_7.Plus_annee_oui.Petit,Categorical,non,small_at_birth,no 
data/Mali/CHAMPS_Verbal_Autopsy_Form_results.xlsx,Section_1.2.Resultat_rempli_oui.Section_7.Plus_annee_oui.Petit,Categorical,oui,small_at_birth,yes
data/Mali/CHAMPS_Verbal_Autopsy_Form_results.xlsx,Section_1.2.Resultat_rempli_oui.Section_7.Plus_annee_oui.Petit,Categorical,ne_sait_pas,small_at_birth,unknown
data/Mali/CHAMPS_Verbal_Autopsy_Form_results.xlsx,Section_1.2.Resultat_rempli_oui.Section_7.Plus_annee_oui.Premature,Categorical,non,baby_premature,no
data/Mali/CHAMPS_Verbal_Autopsy_Form_results.xlsx,Section_1.2.Resultat_rempli_oui.Section_7.Plus_annee_oui.Premature,Categorical,oui,baby_premature,yes
data/Mali/CHAMPS_Verbal_Autopsy_Form_results.xlsx,Section_1.2.Resultat_rempli_oui.Section_7.Plus_annee_oui.Grossesse_mois,Non-categorical,mois,pregnancy_months,
data/Mali/CHAMPS_Verbal_Autopsy_Form_results.xlsx,Section_1.2.Resultat_rempli_oui.Section_7.Plus_annee_oui.Croissance,Categorical,oui,normal_growth,yes
data/Mali/CHAMPS_Verbal_Autopsy_Form_results.xlsx,Section_1.2.Resultat_rempli_oui.Section_7.Plus_annee_oui.Croissance,Categorical,non,normal_growth,no
data/Mali/CHAMPS_Verbal_Autopsy_Form_results.xlsx,Section_1.2.Resultat_rempli_oui.Section_7.Plus_annee_oui.Croissance,Categorical,ne_sait_pas,normal_growth,unknown
data/Mali/CHAMPS_Verbal_Autopsy_Form_results.xlsx,Section_1.2.Resultat_rempli_oui.Section_7.Plus_annee_oui.Bombement,Categorical,non,bulging_during_illness,no
data/Mali/CHAMPS_Verbal_Autopsy_Form_results.xlsx,Section_1.2.Resultat_rempli_oui.Section_7.Plus_annee_oui.Bombement,Categorical,oui,bulging_during_illness,yes
data/Mali/CHAMPS_Verbal_Autopsy_Form_results.xlsx,Section_1.2.Resultat_rempli_oui.Section_7.Plus_annee_oui.Bombement,Categorical,ne_sait_pas,bulging_during_illness,unknown
data/Mali/CHAMPS_Verbal_Autopsy_Form_results.xlsx,Section_1.2.Resultat_rempli_oui.Section_7.Plus_annee_oui.Jours_bombement,Non-categorical,jours,bulging_days,
data/Mali/CHAMPS_Verbal_Autopsy_Form_results.xlsx,Section_1.2.Resultat_rempli_oui.Section_7.Plus_annee_oui.Jours_bombement,Categorical,ne_sait_pas,bulging_days,unknown
data/Mali/CHAMPS_Verbal_Autopsy_Form_results.xlsx,Section_1.2.Resultat_rempli_oui.Section_8.Mere_maintenant,Categorical,saine,mother_status,healthy
data/Mali/CHAMPS_Verbal_Autopsy_Form_results.xlsx,Section_1.2.Resultat_rempli_oui.Section_8.Mere_maintenant,Categorical,malade,mother_status,sick
data/Mali/CHAMPS_Verbal_Autopsy_Form_results.xlsx,Section_1.2.Resultat_rempli_oui.Section_8.Mere_maintenant,Categorical,pas_vie,mother_status,deceased
data/Mali/CHAMPS_Verbal_Autopsy_Form_results.xlsx,Section_1.2.Resultat_rempli_oui.Section_8.Temps_malade,Non-categorical,jours,ill_days,
data/Mali/CHAMPS_Verbal_Autopsy_Form_results.xlsx,Section_1.2.Resultat_rempli_oui.Section_8.Temps_malade,Categorical,ne_sait_pas,ill_days,unknown
data/Mali/CHAMPS_Verbal_Autopsy_Form_results.xlsx,Section_1.2.Resultat_rempli_oui.Section_8.Fievre,Categorical,oui,fever,yes
data/Mali/CHAMPS_Verbal_Autopsy_Form_results.xlsx,Section_1.2.Resultat_rempli_oui.Section_8.Fievre,Categorical,non,fever,no
data/Mali/CHAMPS_Verbal_Autopsy_Form_results.xlsx,Section_1.2.Resultat_rempli_oui.Section_8.Fievre,Categorical,ne_sait_pas,fever,unknown
data/Mali/CHAMPS_Verbal_Autopsy_Form_results.xlsx,Section_1.2.Resultat_rempli_oui.Section_8.Fievre_oui.Temps_fievre,Non-categorical,jours,fever_days,
data/Mali/CHAMPS_Verbal_Autopsy_Form_results.xlsx,Section_1.2.Resultat_rempli_oui.Section_8.Fievre_oui.Temps_fievre,Categorical,ne_sait_pas,fever_days,unknown
data/Mali/CHAMPS_Verbal_Autopsy_Form_results.xlsx,Section_1.2.Resultat_rempli_oui.Section_8.Fievre_oui.Fievre_severe,Categorical,oui,fever_severe,yes
data/Mali/CHAMPS_Verbal_Autopsy_Form_results.xlsx,Section_1.2.Resultat_rempli_oui.Section_8.Fievre_oui.Fievre_severe,Categorical,non,fever_severe,no
data/Mali/CHAMPS_Verbal_Autopsy_Form_results.xlsx,Section_1.2.Resultat_rempli_oui.Section_8.Fievre_oui.Fievre_severe,Categorical,ne_sait_pas,fever_severe,unknown
data/Mali/CHAMPS_Verbal_Autopsy_Form_results.xlsx,Section_1.2.Resultat_rempli_oui.Section_8.Fievre_oui.Fievre_continue,Categorical,continue,fever_continue,yes
data/Mali/CHAMPS_Verbal_Autopsy_Form_results.xlsx,Section_1.2.Resultat_rempli_oui.Section_8.Fievre_oui.Fievre_continue,Categorical,intermittente,fever_continue,intermittent
data/Mali/CHAMPS_Verbal_Autopsy_Form_results.xlsx,Section_1.2.Resultat_rempli_oui.Section_8.Fievre_oui.Fievre_continue,Categorical,ne_sait_pas,fever_continue,unknown
data/Mali/CHAMPS_Verbal_Autopsy_Form_results.xlsx,Section_1.2.Resultat_rempli_oui.Section_8.Fievre_oui.Frissons,Categorical,non,fever_related_chills,no
data/Mali/CHAMPS_Verbal_Autopsy_Form_results.xlsx,Section_1.2.Resultat_rempli_oui.Section_8.Fievre_oui.Frissons,Categorical,oui,fever_related_chills,yes
data/Mali/CHAMPS_Verbal_Autopsy_Form_results.xlsx,Section_1.2.Resultat_rempli_oui.Section_8.Fievre_oui.Frissons,Categorical,ne_sait_pas,fever_related_chills,unknown
data/Mali/CHAMPS_Verbal_Autopsy_Form_results.xlsx,Section_1.2.Resultat_rempli_oui.Section_8.Toux,Categorical,oui,cough,yes
data/Mali/CHAMPS_Verbal_Autopsy_Form_results.xlsx,Section_1.2.Resultat_rempli_oui.Section_8.Toux,Categorical,non,cough,no
data/Mali/CHAMPS_Verbal_Autopsy_Form_results.xlsx,Section_1.2.Resultat_rempli_oui.Section_8.Toux,Categorical,ne_sait_pas,cough,unknown
data/Mali/CHAMPS_Verbal_Autopsy_Form_results.xlsx,Section_1.2.Resultat_rempli_oui.Section_8.Toux_oui.Temps_toux,Non-categorical,jours,cough_days,
data/Mali/CHAMPS_Verbal_Autopsy_Form_results.xlsx,Section_1.2.Resultat_rempli_oui.Section_8.Toux_oui.Temps_toux,Categorical,ne_sait_pas,cough_days,unknown
data/Mali/CHAMPS_Verbal_Autopsy_Form_results.xlsx,Section_1.2.Resultat_rempli_oui.Section_8.Toux_oui.Toux_severe,Categorical,oui,cough_severe,yes
data/Mali/CHAMPS_Verbal_Autopsy_Form_results.xlsx,Section_1.2.Resultat_rempli_oui.Section_8.Toux_oui.Toux_severe,Categorical,non,cough_severe,no
data/Mali/CHAMPS_Verbal_Autopsy_Form_results.xlsx,Section_1.2.Resultat_rempli_oui.Section_8.Toux_oui.Toux_severe,Categorical,ne_sait_pas,cough_severe,unknown
data/Mali/CHAMPS_Verbal_Autopsy_Form_results.xlsx,Section_1.2.Resultat_rempli_oui.Section_8.Toux_oui.Toux_vomi,Categorical,non,cough_vomit,no
data/Mali/CHAMPS_Verbal_Autopsy_Form_results.xlsx,Section_1.2.Resultat_rempli_oui.Section_8.Toux_oui.Toux_vomi,Categorical,oui,cough_vomit,yes
data/Mali/CHAMPS_Verbal_Autopsy_Form_results.xlsx,Section_1.2.Resultat_rempli_oui.Section_8.Toux_oui.Toux_vomi,Categorical,ne_sait_pas,cough_vomit,unknown
data/Mali/CHAMPS_Verbal_Autopsy_Form_results.xlsx,Section_1.2.Resultat_rempli_oui.Section_8.Resp_rapide,Categorical,oui,rapid_breathing,yes
data/Mali/CHAMPS_Verbal_Autopsy_Form_results.xlsx,Section_1.2.Resultat_rempli_oui.Section_8.Resp_rapide,Categorical,non,rapid_breathing,no
data/Mali/CHAMPS_Verbal_Autopsy_Form_results.xlsx,Section_1.2.Resultat_rempli_oui.Section_8.Resp_rapide,Categorical,ne_sait_pas,rapid_breathing,unknown
data/Mali/CHAMPS_Verbal_Autopsy_Form_results.xlsx,Section_1.2.Resultat_rempli_oui.Section_8.Temps_resp_rapide,Non-categorical,jours,rapid_breathing_days,
data/Mali/CHAMPS_Verbal_Autopsy_Form_results.xlsx,Section_1.2.Resultat_rempli_oui.Section_8.Temps_resp_rapide,Categorical,ne_sait_pas,rapid_breathing_days,unknown
data/Mali/CHAMPS_Verbal_Autopsy_Form_results.xlsx,Section_1.2.Resultat_rempli_oui.Section_8.Difficulte_resp,Categorical,oui,difficulty_breathing,yes
data/Mali/CHAMPS_Verbal_Autopsy_Form_results.xlsx,Section_1.2.Resultat_rempli_oui.Section_8.Difficulte_resp,Categorical,non,difficulty_breathing,no
data/Mali/CHAMPS_Verbal_Autopsy_Form_results.xlsx,Section_1.2.Resultat_rempli_oui.Section_8.Difficulte_resp,Categorical,ne_sait_pas,difficulty_breathing,unknown
data/Mali/CHAMPS_Verbal_Autopsy_Form_results.xlsx,Section_1.2.Resultat_rempli_oui.Section_8.Temps_difficulte_resp,Non-categorical,jours,difficulty_breathing_days,
data/Mali/CHAMPS_Verbal_Autopsy_Form_results.xlsx,Section_1.2.Resultat_rempli_oui.Section_8.Temps_difficulte_resp,Categorical,ne_sait_pas,difficulty_breathing_days,unknown
data/Mali/CHAMPS_Verbal_Autopsy_Form_results.xlsx,Section_1.2.Resultat_rempli_oui.Section_8.Tirage,Categorical,oui,chest_indrawing,yes
data/Mali/CHAMPS_Verbal_Autopsy_Form_results.xlsx,Section_1.2.Resultat_rempli_oui.Section_8.Tirage,Categorical,non,chest_indrawing,no
data/Mali/CHAMPS_Verbal_Autopsy_Form_results.xlsx,Section_1.2.Resultat_rempli_oui.Section_8.Tirage,Categorical,ne_sait_pas,chest_indrawing,unknown
data/Mali/CHAMPS_Verbal_Autopsy_Form_results.xlsx,Section_1.2.Resultat_rempli_oui.Section_8.Temps_tirage,Non-categorical,jours,chest_indrawing_days,
data/Mali/CHAMPS_Verbal_Autopsy_Form_results.xlsx,Section_1.2.Resultat_rempli_oui.Section_8.Temps_tirage,Categorical,ne_sait_pas,chest_indrawing_days,chest_indrawing_days_unknown
data/Mali/CHAMPS_Verbal_Autopsy_Form_results.xlsx,Section_1.2.Resultat_rempli_oui.Section_8.Resp_bruyante,Categorical,oui,noisy_breathing,yes
data/Mali/CHAMPS_Verbal_Autopsy_Form_results.xlsx,Section_1.2.Resultat_rempli_oui.Section_8.Resp_bruyante,Categorical,non,noisy_breathing,no
data/Mali/CHAMPS_Verbal_Autopsy_Form_results.xlsx,Section_1.2.Resultat_rempli_oui.Section_8.Resp_bruyante,Categorical,ne_sait_pas,noisy_breathing,unknown
data/Mali/CHAMPS_Verbal_Autopsy_Form_results.xlsx,Section_1.2.Resultat_rempli_oui.Section_8.Ouv_narines,Categorical,non,flaring_nostrils,no
data/Mali/CHAMPS_Verbal_Autopsy_Form_results.xlsx,Section_1.2.Resultat_rempli_oui.Section_8.Ouv_narines,Categorical,oui,flaring_nostrils,yes
data/Mali/CHAMPS_Verbal_Autopsy_Form_results.xlsx,Section_1.2.Resultat_rempli_oui.Section_8.Ouv_narines,Categorical,ne_sait_pas,flaring_nostrils,unknown
data/Mali/CHAMPS_Verbal_Autopsy_Form_results.xlsx,Section_1.2.Resultat_rempli_oui.Section_8.Diarrhee,Categorical,non,diarrhea,no
data/Mali/CHAMPS_Verbal_Autopsy_Form_results.xlsx,Section_1.2.Resultat_rempli_oui.Section_8.Diarrhee,Categorical,oui,diarrhea,yes
data/Mali/CHAMPS_Verbal_Autopsy_Form_results.xlsx,Section_1.2.Resultat_rempli_oui.Section_8.Diarrhee,Categorical,ne_sait_pas,diarrhea,unknown
data/Mali/CHAMPS_Verbal_Autopsy_Form_results.xlsx,Section_1.2.Resultat_rempli_oui.Section_8.Diarrhee_oui.Temps_diarrhee,Non-categorical,jours,diarrhea_days,
data/Mali/CHAMPS_Verbal_Autopsy_Form_results.xlsx,Section_1.2.Resultat_rempli_oui.Section_8.Diarrhee_oui.Temps_diarrhee,Categorical,ne_sait_pas,diarrhea_days,unknown
data/Mali/CHAMPS_Verbal_Autopsy_Form_results.xlsx,Section_1.2.Resultat_rempli_oui.Section_8.Diarrhee_oui.Selles,Categorical,selles,diarrhea_days_stools,yes
data/Mali/CHAMPS_Verbal_Autopsy_Form_results.xlsx,Section_1.2.Resultat_rempli_oui.Section_8.Diarrhee_oui.Selles,Categorical,ne_sait_pas,diarrhea_days_stools,unknown
data/Mali/CHAMPS_Verbal_Autopsy_Form_results.xlsx,Section_1.2.Resultat_rempli_oui.Section_8.Diarrhee_oui.Sang_selles,Categorical,non,bloody_stools,no
data/Mali/CHAMPS_Verbal_Autopsy_Form_results.xlsx,Section_1.2.Resultat_rempli_oui.Section_8.Diarrhee_oui.Sang_selles,Categorical,oui,bloody_stools,yes
data/Mali/CHAMPS_Verbal_Autopsy_Form_results.xlsx,Section_1.2.Resultat_rempli_oui.Section_8.Diarrhee_oui.Sang_selles,Categorical,ne_sait_pas,bloody_stools,unknown
data/Mali/CHAMPS_Verbal_Autopsy_Form_results.xlsx,Section_1.2.Resultat_rempli_oui.Section_8.Diarrhee_oui.Deshydrate_diarrhee,Categorical,oui,dehydrated_during_diarrhea,yes
data/Mali/CHAMPS_Verbal_Autopsy_Form_results.xlsx,Section_1.2.Resultat_rempli_oui.Section_8.Diarrhee_oui.Deshydrate_diarrhee,Categorical,non,dehydrated_during_diarrhea,no
data/Mali/CHAMPS_Verbal_Autopsy_Form_results.xlsx,Section_1.2.Resultat_rempli_oui.Section_8.Diarrhee_oui.Deshydrate_diarrhee,Categorical,ne_sait_pas,dehydrated_during_diarrhea,unknown
data/Mali/CHAMPS_Verbal_Autopsy_Form_results.xlsx,Section_1.2.Resultat_rempli_oui.Section_8.Diarrhee_oui.Yeux_enfonces,Categorical,oui,sunken_eyes,yes
data/Mali/CHAMPS_Verbal_Autopsy_Form_results.xlsx,Section_1.2.Resultat_rempli_oui.Section_8.Diarrhee_oui.Yeux_enfonces,Categorical,non,sunken_eyes,no
data/Mali/CHAMPS_Verbal_Autopsy_Form_results.xlsx,Section_1.2.Resultat_rempli_oui.Section_8.Diarrhee_oui.Yeux_enfonces,Categorical,ne_sait_pas,sunken_eyes,unknown
data/Mali/CHAMPS_Verbal_Autopsy_Form_results.xlsx,Section_1.2.Resultat_rempli_oui.Section_8.Diarrhee_oui.Temps_enfonces,Non-categorical,jours,sunkey_eyes_duration,
data/Mali/CHAMPS_Verbal_Autopsy_Form_results.xlsx,Section_1.2.Resultat_rempli_oui.Section_8.Diarrhee_oui.Temps_enfonces,Categorical,ne_sait_pas,sunkey_eyes_duration,unknown
data/Mali/CHAMPS_Verbal_Autopsy_Form_results.xlsx,Section_1.2.Resultat_rempli_oui.Section_8.Diarrhee_oui.Peau_ridee,Categorical,oui,wrinkled_skin,yes
data/Mali/CHAMPS_Verbal_Autopsy_Form_results.xlsx,Section_1.2.Resultat_rempli_oui.Section_8.Diarrhee_oui.Peau_ridee,Categorical,non,wrinkled_skin,no
data/Mali/CHAMPS_Verbal_Autopsy_Form_results.xlsx,Section_1.2.Resultat_rempli_oui.Section_8.Diarrhee_oui.Peau_ridee,Categorical,ne_sait_pas,wrinkled_skin,unknown
data/Mali/CHAMPS_Verbal_Autopsy_Form_results.xlsx,Section_1.2.Resultat_rempli_oui.Section_8.Diarrhee_oui.Liquide_SRO,Categorical,non,given_ors,no
data/Mali/CHAMPS_Verbal_Autopsy_Form_results.xlsx,Section_1.2.Resultat_rempli_oui.Section_8.Diarrhee_oui.Liquide_SRO,Categorical,oui,given_ors,yes
data/Mali/CHAMPS_Verbal_Autopsy_Form_results.xlsx,Section_1.2.Resultat_rempli_oui.Section_8.Diarrhee_oui.Liquide_SRO,Categorical,ne_sait_pas,given_ors,unknown
data/Mali/CHAMPS_Verbal_Autopsy_Form_results.xlsx,Section_1.2.Resultat_rempli_oui.Section_8.Vomi,Categorical,oui,vomit,yes
data/Mali/CHAMPS_Verbal_Autopsy_Form_results.xlsx,Section_1.2.Resultat_rempli_oui.Section_8.Vomi,Categorical,non,vomit,no
data/Mali/CHAMPS_Verbal_Autopsy_Form_results.xlsx,Section_1.2.Resultat_rempli_oui.Section_8.Vomi,Categorical,ne_sait_pas,vomit,unknown
data/Mali/CHAMPS_Verbal_Autopsy_Form_results.xlsx,Section_1.2.Resultat_rempli_oui.Section_8.Vomi_oui.Temps_vomi,Non-categorical,jours,vomit_duration,
data/Mali/CHAMPS_Verbal_Autopsy_Form_results.xlsx,Section_1.2.Resultat_rempli_oui.Section_8.Vomi_oui.Temps_vomi,Categorical,ne_sait_pas,vomit_duration,unknown
data/Mali/CHAMPS_Verbal_Autopsy_Form_results.xlsx,Section_1.2.Resultat_rempli_oui.Section_8.Vomi_oui.Fois_vomi,Non-categorical,fois,vomit_times_per_day,
data/Mali/CHAMPS_Verbal_Autopsy_Form_results.xlsx,Section_1.2.Resultat_rempli_oui.Section_8.Douleur_ab,Categorical,non,abdominal_pain,no
data/Mali/CHAMPS_Verbal_Autopsy_Form_results.xlsx,Section_1.2.Resultat_rempli_oui.Section_8.Douleur_ab,Categorical,oui,abdominal_pain,yes
data/Mali/CHAMPS_Verbal_Autopsy_Form_results.xlsx,Section_1.2.Resultat_rempli_oui.Section_8.Douleur_ab,Categorical,ne_sait_pas,abdominal_pain,unknown
data/Mali/CHAMPS_Verbal_Autopsy_Form_results.xlsx,Section_1.2.Resultat_rempli_oui.Section_8.Douleur_ab_oui.Temps_douleur_ab,Non-categorical,jours,abdominal_pain_duration,
data/Mali/CHAMPS_Verbal_Autopsy_Form_results.xlsx,Section_1.2.Resultat_rempli_oui.Section_8.Douleur_ab_oui.Temps_douleur_ab,Categorical,ne_sait_pas,abdominal_pain_duration,unknown
data/Mali/CHAMPS_Verbal_Autopsy_Form_results.xlsx,Section_1.2.Resultat_rempli_oui.Section_8.Douleur_ab_oui.Douleur_ab_severe,Categorical,oui,abdominal_pain_severe,yes
data/Mali/CHAMPS_Verbal_Autopsy_Form_results.xlsx,Section_1.2.Resultat_rempli_oui.Section_8.Douleur_ab_oui.Douleur_ab_severe,Categorical,non,abdominal_pain_severe,no
data/Mali/CHAMPS_Verbal_Autopsy_Form_results.xlsx,Section_1.2.Resultat_rempli_oui.Section_8.Douleur_ab_oui.Douleur_ab_severe,Categorical,ne_sait_pas,abdominal_pain_severe,unknown
data/Mali/CHAMPS_Verbal_Autopsy_Form_results.xlsx,Section_1.2.Resultat_rempli_oui.Section_8.Distension_ab,Categorical,non,abdominal_distention,no
data/Mali/CHAMPS_Verbal_Autopsy_Form_results.xlsx,Section_1.2.Resultat_rempli_oui.Section_8.Distension_ab,Categorical,oui,abdominal_distention,yes
data/Mali/CHAMPS_Verbal_Autopsy_Form_results.xlsx,Section_1.2.Resultat_rempli_oui.Section_8.Distension_ab,Categorical,ne_sait_pas,abdominal_distention,unknown
data/Mali/CHAMPS_Verbal_Autopsy_Form_results.xlsx,Section_1.2.Resultat_rempli_oui.Section_8.Distension_ab_oui.Temps_distension_ab,Categorical,ne_sait_pas,abdominal_distention_duration,unknown
data/Mali/CHAMPS_Verbal_Autopsy_Form_results.xlsx,Section_1.2.Resultat_rempli_oui.Section_8.Distension_ab_oui.Temps_distension_ab,Non-categorical,jours,abdominal_distention_duration,
data/Mali/CHAMPS_Verbal_Autopsy_Form_results.xlsx,Section_1.2.Resultat_rempli_oui.Section_8.Distension_ab_oui.Distension_rapid,Categorical,rapidement,abdominal_distention_rapid_gradula,rapid
data/Mali/CHAMPS_Verbal_Autopsy_Form_results.xlsx,Section_1.2.Resultat_rempli_oui.Section_8.Distension_ab_oui.Distension_rapid,Categorical,graduellement,abdominal_distention_rapid_gradual,gradul
data/Mali/CHAMPS_Verbal_Autopsy_Form_results.xlsx,Section_1.2.Resultat_rempli_oui.Section_8.Distension_ab_oui.Distension_rapid,Categorical,ne_sait_pas,abdominal_distention_rapid_gradual,unknown
data/Mali/CHAMPS_Verbal_Autopsy_Form_results.xlsx,Section_1.2.Resultat_rempli_oui.Section_8.Sans_selle,Categorical,oui,period_no_stool,yes
data/Mali/CHAMPS_Verbal_Autopsy_Form_results.xlsx,Section_1.2.Resultat_rempli_oui.Section_8.Sans_selle,Categorical,non,period_no_stool,no
data/Mali/CHAMPS_Verbal_Autopsy_Form_results.xlsx,Section_1.2.Resultat_rempli_oui.Section_8.Sans_selle,Categorical,ne_sait_pas,period_no_stool,unknown
data/Mali/CHAMPS_Verbal_Autopsy_Form_results.xlsx,Section_1.2.Resultat_rempli_oui.Section_8.Masse_abdomen,Categorical,non,abdomen_mass,no
data/Mali/CHAMPS_Verbal_Autopsy_Form_results.xlsx,Section_1.2.Resultat_rempli_oui.Section_8.Masse_abdomen,Categorical,ne_sait_pas,abdomen_mass,unknown
data/Mali/CHAMPS_Verbal_Autopsy_Form_results.xlsx,Section_1.2.Resultat_rempli_oui.Section_8.Masse_abdomen,Categorical,oui,abdomen_mass,yes
data/Mali/CHAMPS_Verbal_Autopsy_Form_results.xlsx,Section_1.2.Resultat_rempli_oui.Section_8.Temps_masse_ab,Non-categorical,jours,abdomen_mass_duration,
data/Mali/CHAMPS_Verbal_Autopsy_Form_results.xlsx,Section_1.2.Resultat_rempli_oui.Section_8.Temps_masse_ab,Categorical,ne_sait_pas,abdomen_mass_duration,unknown
data/Mali/CHAMPS_Verbal_Autopsy_Form_results.xlsx,Section_1.2.Resultat_rempli_oui.Section_8.Maux_tete,Categorical,non,headache,no
data/Mali/CHAMPS_Verbal_Autopsy_Form_results.xlsx,Section_1.2.Resultat_rempli_oui.Section_8.Maux_tete,Categorical,ne_sait_pas,headache,unknown
data/Mali/CHAMPS_Verbal_Autopsy_Form_results.xlsx,Section_1.2.Resultat_rempli_oui.Section_8.Maux_tete,Categorical,oui,headache,yes
data/Mali/CHAMPS_Verbal_Autopsy_Form_results.xlsx,Section_1.2.Resultat_rempli_oui.Section_8.Maux_tete_oui.Temps_mal_tete,Non-categorical,jours,headache_duration,
data/Mali/CHAMPS_Verbal_Autopsy_Form_results.xlsx,Section_1.2.Resultat_rempli_oui.Section_8.Maux_tete_oui.Temps_mal_tete,Categorical,ne_sait_pas,headache_duration,unknown
data/Mali/CHAMPS_Verbal_Autopsy_Form_results.xlsx,Section_1.2.Resultat_rempli_oui.Section_8.Maux_tete_oui.Mal_tete_severe,Categorical,non,headache_severe,no
data/Mali/CHAMPS_Verbal_Autopsy_Form_results.xlsx,Section_1.2.Resultat_rempli_oui.Section_8.Maux_tete_oui.Mal_tete_severe,Categorical,oui,headache_severe,yes
data/Mali/CHAMPS_Verbal_Autopsy_Form_results.xlsx,Section_1.2.Resultat_rempli_oui.Section_8.Maux_tete_oui.Mal_tete_severe,Categorical,ne_sait_pas,headache_severe,unknown
data/Mali/CHAMPS_Verbal_Autopsy_Form_results.xlsx,Section_1.2.Resultat_rempli_oui.Section_8.Cou_raide,Categorical,non,stiff_neck,no
data/Mali/CHAMPS_Verbal_Autopsy_Form_results.xlsx,Section_1.2.Resultat_rempli_oui.Section_8.Cou_raide,Categorical,ne_sait_pas,stiff_neck,unknown
data/Mali/CHAMPS_Verbal_Autopsy_Form_results.xlsx,Section_1.2.Resultat_rempli_oui.Section_8.Cou_raide,Categorical,oui,stiff_neck,yes
data/Mali/CHAMPS_Verbal_Autopsy_Form_results.xlsx,Section_1.2.Resultat_rempli_oui.Section_8.Temps_cou_raide,Non-categorical,jours,stiff_neck_duration,
data/Mali/CHAMPS_Verbal_Autopsy_Form_results.xlsx,Section_1.2.Resultat_rempli_oui.Section_8.Inconscient,Categorical,non,unconscious,no
data/Mali/CHAMPS_Verbal_Autopsy_Form_results.xlsx,Section_1.2.Resultat_rempli_oui.Section_8.Inconscient,Categorical,oui,unconscious,yes
data/Mali/CHAMPS_Verbal_Autopsy_Form_results.xlsx,Section_1.2.Resultat_rempli_oui.Section_8.Inconscient,Categorical,ne_sait_pas,unconscious,unknown
data/Mali/CHAMPS_Verbal_Autopsy_Form_results.xlsx,Section_1.2.Resultat_rempli_oui.Section_8.Inconscient_oui.Temps_inconscient,Non-categorical,jours,unconscious_days,
data/Mali/CHAMPS_Verbal_Autopsy_Form_results.xlsx,Section_1.2.Resultat_rempli_oui.Section_8.Inconscient_oui.Inconscience_brusque,Categorical,brusquement,unconsciuos_sudden,sudden
data/Mali/CHAMPS_Verbal_Autopsy_Form_results.xlsx,Section_1.2.Resultat_rempli_oui.Section_8.Inconscient_oui.Inconscience_brusque,Categorical,rapidement,unconsciuos_sudden,fast
data/Mali/CHAMPS_Verbal_Autopsy_Form_results.xlsx,Section_1.2.Resultat_rempli_oui.Section_8.Inconscient_oui.Inconscience_brusque,Categorical,lentement,unconsciuos_sudden,slow
data/Mali/CHAMPS_Verbal_Autopsy_Form_results.xlsx,Section_1.2.Resultat_rempli_oui.Section_8.Convulsions,Categorical,non,convulsions,no
data/Mali/CHAMPS_Verbal_Autopsy_Form_results.xlsx,Section_1.2.Resultat_rempli_oui.Section_8.Convulsions,Categorical,oui,convulsions,yes
data/Mali/CHAMPS_Verbal_Autopsy_Form_results.xlsx,Section_1.2.Resultat_rempli_oui.Section_8.Convulsions,Categorical,ne_sait_pas,convulsions,unknown
data/Mali/CHAMPS_Verbal_Autopsy_Form_results.xlsx,Section_1.2.Resultat_rempli_oui.Section_8.Temps_convulsions,Non-categorical,jours,convulsions_days,
data/Mali/CHAMPS_Verbal_Autopsy_Form_results.xlsx,Section_1.2.Resultat_rempli_oui.Section_8.Temps_convulsions,Categorical,ne_sait_pas,convulsions_days,unknown
data/Mali/CHAMPS_Verbal_Autopsy_Form_results.xlsx,Section_1.2.Resultat_rempli_oui.Section_8.Paralyses,Categorical,non,paralysis,no
data/Mali/CHAMPS_Verbal_Autopsy_Form_results.xlsx,Section_1.2.Resultat_rempli_oui.Section_8.Paralyses,Categorical,oui,paralysis,yes
data/Mali/CHAMPS_Verbal_Autopsy_Form_results.xlsx,Section_1.2.Resultat_rempli_oui.Section_8.Paralyses,Categorical,ne_sait_pas,paralysis,unknown
data/Mali/CHAMPS_Verbal_Autopsy_Form_results.xlsx,Section_1.2.Resultat_rempli_oui.Section_8.Paralyses_oui.Temps_paralyses,Non-categorical,jours,paralysis_days,
data/Mali/CHAMPS_Verbal_Autopsy_Form_results.xlsx,Section_1.2.Resultat_rempli_oui.Section_8.Paralyses_oui.Temps_paralyses,Categorical,ne_sait_pas,paralysis_days,unknown
data/Mali/CHAMPS_Verbal_Autopsy_Form_results.xlsx,Section_1.2.Resultat_rempli_oui.Section_8.Paralyses_oui.Paralysie_brusque,Categorical,brusquement,paralysis_sudden,sudden
data/Mali/CHAMPS_Verbal_Autopsy_Form_results.xlsx,Section_1.2.Resultat_rempli_oui.Section_8.Paralyses_oui.Paralysie_brusque,Categorical,rapidement,paralysis_sudden,fast
data/Mali/CHAMPS_Verbal_Autopsy_Form_results.xlsx,Section_1.2.Resultat_rempli_oui.Section_8.Paralyses_oui.Paralysie_brusque,Categorical,lentement,paralysis_sudden,slow
data/Mali/CHAMPS_Verbal_Autopsy_Form_results.xlsx,Section_1.2.Resultat_rempli_oui.Section_8.Urine,Categorical,non,urine_change,no
data/Mali/CHAMPS_Verbal_Autopsy_Form_results.xlsx,Section_1.2.Resultat_rempli_oui.Section_8.Urine,Categorical,oui,urine_change,yes
data/Mali/CHAMPS_Verbal_Autopsy_Form_results.xlsx,Section_1.2.Resultat_rempli_oui.Section_8.Urine,Categorical,ne_sait_pas,urine_change,unknown
data/Mali/CHAMPS_Verbal_Autopsy_Form_results.xlsx,Section_1.2.Resultat_rempli_oui.Section_8.Urine_oui.Temps_urine,Non-categorical,jours,urine_change_duration_days,
data/Mali/CHAMPS_Verbal_Autopsy_Form_results.xlsx,Section_1.2.Resultat_rempli_oui.Section_8.Urine_oui.Temps_urine,Non-categorical,mois,urine_change_duration_months,
data/Mali/CHAMPS_Verbal_Autopsy_Form_results.xlsx,Section_1.2.Resultat_rempli_oui.Section_8.Urine_oui.Temps_urine,Categorical,ne_sait_pas,urine_change_duration,unknown
data/Mali/CHAMPS_Verbal_Autopsy_Form_results.xlsx,Section_1.2.Resultat_rempli_oui.Section_8.Urine_oui.Combien_urine,Categorical,rien,urine_amount,none
data/Mali/CHAMPS_Verbal_Autopsy_Form_results.xlsx,Section_1.2.Resultat_rempli_oui.Section_8.Urine_oui.Combien_urine,Categorical,peu,urine_amount,little
data/Mali/CHAMPS_Verbal_Autopsy_Form_results.xlsx,Section_1.2.Resultat_rempli_oui.Section_8.Urine_oui.Combien_urine,Categorical,ne_sait_pas,urine_amount,unknown
data/Mali/CHAMPS_Verbal_Autopsy_Form_results.xlsx,Section_1.2.Resultat_rempli_oui.Section_8.Urine_oui.Combien_urine,Categorical,beaucoup,urine_amount,lots
data/Mali/CHAMPS_Verbal_Autopsy_Form_results.xlsx,Section_1.2.Resultat_rempli_oui.Section_8.Eruptions_cut,Categorical,oui,rash,yes
data/Mali/CHAMPS_Verbal_Autopsy_Form_results.xlsx,Section_1.2.Resultat_rempli_oui.Section_8.Eruptions_cut,Categorical,non,rash,no
data/Mali/CHAMPS_Verbal_Autopsy_Form_results.xlsx,Section_1.2.Resultat_rempli_oui.Section_8.Eruptions_cut,Categorical,ne_sait_pas,rash,unknown
data/Mali/CHAMPS_Verbal_Autopsy_Form_results.xlsx,Section_1.2.Resultat_rempli_oui.Section_8.Eruptions_cut_oui.Temps_erupt_cut,Categorical,ne_sait_pas,rash_days,unknown
data/Mali/CHAMPS_Verbal_Autopsy_Form_results.xlsx,Section_1.2.Resultat_rempli_oui.Section_8.Eruptions_cut_oui.Temps_erupt_cut,Non-categorical,jours,rash_days,
data/Mali/CHAMPS_Verbal_Autopsy_Form_results.xlsx,Section_1.2.Resultat_rempli_oui.Section_8.Eruptions_cut_oui.Eruptions_sur1.Erupt_visage,Categorical,non,rash_face,no
data/Mali/CHAMPS_Verbal_Autopsy_Form_results.xlsx,Section_1.2.Resultat_rempli_oui.Section_8.Eruptions_cut_oui.Eruptions_sur1.Erupt_visage,Categorical,oui,rash_face,yes
data/Mali/CHAMPS_Verbal_Autopsy_Form_results.xlsx,Section_1.2.Resultat_rempli_oui.Section_8.Eruptions_cut_oui.Eruptions_sur1.Erupt_tronc,Categorical,oui,rash_trunk,yes
data/Mali/CHAMPS_Verbal_Autopsy_Form_results.xlsx,Section_1.2.Resultat_rempli_oui.Section_8.Eruptions_cut_oui.Eruptions_sur1.Erupt_tronc,Categorical,non,rash_trunk,no
data/Mali/CHAMPS_Verbal_Autopsy_Form_results.xlsx,Section_1.2.Resultat_rempli_oui.Section_8.Eruptions_cut_oui.Eruptions_sur1.Erupt_bras,Categorical,non,rash_arms_legs,no
data/Mali/CHAMPS_Verbal_Autopsy_Form_results.xlsx,Section_1.2.Resultat_rempli_oui.Section_8.Eruptions_cut_oui.Eruptions_sur1.Erupt_bras,Categorical,oui,rash_arms_legs,yes
data/Mali/CHAMPS_Verbal_Autopsy_Form_results.xlsx,Section_1.2.Resultat_rempli_oui.Section_8.Eruptions_cut_oui.Ressemble_erupt,Categorical,ne_sait_pas,rash_look,unknown
data/Mali/CHAMPS_Verbal_Autopsy_Form_results.xlsx,Section_1.2.Resultat_rempli_oui.Section_8.Eruptions_cut_oui.Ressemble_erupt,Categorical,pus,rash_look,pus
data/Mali/CHAMPS_Verbal_Autopsy_Form_results.xlsx,Section_1.2.Resultat_rempli_oui.Section_8.Eruptions_cut_oui.Ressemble_erupt,Categorical,liquide_claire,rash_look,clear_liquid
data/Mali/CHAMPS_Verbal_Autopsy_Form_results.xlsx,Section_1.2.Resultat_rempli_oui.Section_8.Yeux_rouges,Categorical,non,red_eyes,no
data/Mali/CHAMPS_Verbal_Autopsy_Form_results.xlsx,Section_1.2.Resultat_rempli_oui.Section_8.Yeux_rouges,Categorical,ne_sait_pas,red_eyes,unknown
data/Mali/CHAMPS_Verbal_Autopsy_Form_results.xlsx,Section_1.2.Resultat_rempli_oui.Section_8.Yeux_rouges,Categorical,oui,red_eyes,yes
data/Mali/CHAMPS_Verbal_Autopsy_Form_results.xlsx,Section_1.2.Resultat_rempli_oui.Section_8.Saignait_nez,Categorical,non,bleeding,no
data/Mali/CHAMPS_Verbal_Autopsy_Form_results.xlsx,Section_1.2.Resultat_rempli_oui.Section_8.Saignait_nez,Categorical,ne_sait_pas,bleeding,unknown
data/Mali/CHAMPS_Verbal_Autopsy_Form_results.xlsx,Section_1.2.Resultat_rempli_oui.Section_8.Saignait_nez,Categorical,oui,bleeding,yes
data/Mali/CHAMPS_Verbal_Autopsy_Form_results.xlsx,Section_1.2.Resultat_rempli_oui.Section_8.Perdait_poids,Categorical,non,weight_loss,no
data/Mali/CHAMPS_Verbal_Autopsy_Form_results.xlsx,Section_1.2.Resultat_rempli_oui.Section_8.Perdait_poids,Categorical,oui,weight_loss,yes
data/Mali/CHAMPS_Verbal_Autopsy_Form_results.xlsx,Section_1.2.Resultat_rempli_oui.Section_8.Perdait_poids,Categorical,ne_sait_pas,weight_loss,unknown
data/Mali/CHAMPS_Verbal_Autopsy_Form_results.xlsx,Section_1.2.Resultat_rempli_oui.Section_8.Temps_poids,Non-categorical,jours,weight_loss_days,
data/Mali/CHAMPS_Verbal_Autopsy_Form_results.xlsx,Section_1.2.Resultat_rempli_oui.Section_8.Temps_poids,Categorical,ne_sait_pas,weight_loss_days,unknown
data/Mali/CHAMPS_Verbal_Autopsy_Form_results.xlsx,Section_1.2.Resultat_rempli_oui.Section_8.Air_maigre,Categorical,non,thin_wasted,no
data/Mali/CHAMPS_Verbal_Autopsy_Form_results.xlsx,Section_1.2.Resultat_rempli_oui.Section_8.Air_maigre,Categorical,oui,thin_wasted,yes
data/Mali/CHAMPS_Verbal_Autopsy_Form_results.xlsx,Section_1.2.Resultat_rempli_oui.Section_8.Air_maigre,Categorical,ne_sait_pas,thin_wasted,unknown
data/Mali/CHAMPS_Verbal_Autopsy_Form_results.xlsx,Section_1.2.Resultat_rempli_oui.Section_8.Plaies_bouche,Categorical,non,mouth_sores,no
data/Mali/CHAMPS_Verbal_Autopsy_Form_results.xlsx,Section_1.2.Resultat_rempli_oui.Section_8.Plaies_bouche,Categorical,oui,mouth_sores,yes
data/Mali/CHAMPS_Verbal_Autopsy_Form_results.xlsx,Section_1.2.Resultat_rempli_oui.Section_8.Plaies_bouche,Categorical,ne_sait_pas,mouth_sores,unknown
data/Mali/CHAMPS_Verbal_Autopsy_Form_results.xlsx,Section_1.2.Resultat_rempli_oui.Section_8.Temps_plaies,Non-categorical,jours,mouth_sores_days,
data/Mali/CHAMPS_Verbal_Autopsy_Form_results.xlsx,Section_1.2.Resultat_rempli_oui.Section_8.Temps_plaies,Categorical,ne_sait_pas,mouth_sores_days,unknown
data/Mali/CHAMPS_Verbal_Autopsy_Form_results.xlsx,Section_1.2.Resultat_rempli_oui.Section_8.Tumefactions,Categorical,non,swelling,no
data/Mali/CHAMPS_Verbal_Autopsy_Form_results.xlsx,Section_1.2.Resultat_rempli_oui.Section_8.Tumefactions,Categorical,ne_sait_pas,swelling,unknown
data/Mali/CHAMPS_Verbal_Autopsy_Form_results.xlsx,Section_1.2.Resultat_rempli_oui.Section_8.Tumefactions,Categorical,oui,swelling,yes
data/Mali/CHAMPS_Verbal_Autopsy_Form_results.xlsx,Section_1.2.Resultat_rempli_oui.Section_8.Tumefactions_oui.Temps_tumefactions,Non-categorical,jours,swelling_days,
data/Mali/CHAMPS_Verbal_Autopsy_Form_results.xlsx,Section_1.2.Resultat_rempli_oui.Section_8.Tumefactions_oui.Tumefactions_sur1.Tume_visage,Categorical,oui,swelling_face,yes
data/Mali/CHAMPS_Verbal_Autopsy_Form_results.xlsx,Section_1.2.Resultat_rempli_oui.Section_8.Tumefactions_oui.Tumefactions_sur1.Tume_visage,Categorical,non,swelling_face,no
data/Mali/CHAMPS_Verbal_Autopsy_Form_results.xlsx,Section_1.2.Resultat_rempli_oui.Section_8.Tumefactions_oui.Tumefactions_sur1.Tume_visage,Categorical,ne_sait_pas,swelling_face,unknown
data/Mali/CHAMPS_Verbal_Autopsy_Form_results.xlsx,Section_1.2.Resultat_rempli_oui.Section_8.Tumefactions_oui.Tumefactions_sur1.Tume_articulations,Categorical,oui,swelling_joints,yes
data/Mali/CHAMPS_Verbal_Autopsy_Form_results.xlsx,Section_1.2.Resultat_rempli_oui.Section_8.Tumefactions_oui.Tumefactions_sur1.Tume_articulations,Categorical,non,swelling_joints,no
data/Mali/CHAMPS_Verbal_Autopsy_Form_results.xlsx,Section_1.2.Resultat_rempli_oui.Section_8.Tumefactions_oui.Tumefactions_sur1.Tume_articulations,Categorical,ne_sait_pas,swelling_joints,unknown
data/Mali/CHAMPS_Verbal_Autopsy_Form_results.xlsx,Section_1.2.Resultat_rempli_oui.Section_8.Tumefactions_oui.Tumefactions_sur1.Tume_chevilles,Categorical,non,swelling_ankles,no
data/Mali/CHAMPS_Verbal_Autopsy_Form_results.xlsx,Section_1.2.Resultat_rempli_oui.Section_8.Tumefactions_oui.Tumefactions_sur1.Tume_chevilles,Categorical,oui,swelling_ankles,yes
data/Mali/CHAMPS_Verbal_Autopsy_Form_results.xlsx,Section_1.2.Resultat_rempli_oui.Section_8.Tumefactions_oui.Tumefactions_sur1.Tume_chevilles,Categorical,ne_sait_pas,swelling_ankles,unknown
data/Mali/CHAMPS_Verbal_Autopsy_Form_results.xlsx,Section_1.2.Resultat_rempli_oui.Section_8.Tumefactions_oui.Tumefactions_sur1.Tume_corps,Categorical,non,swelling_body,no
data/Mali/CHAMPS_Verbal_Autopsy_Form_results.xlsx,Section_1.2.Resultat_rempli_oui.Section_8.Tumefactions_oui.Tumefactions_sur1.Tume_corps,Categorical,oui,swelling_body,yes
data/Mali/CHAMPS_Verbal_Autopsy_Form_results.xlsx,Section_1.2.Resultat_rempli_oui.Section_8.Tumefactions_oui.Tumefactions_sur1.Tume_corps,Categorical,ne_sait_pas,swelling_body,unknown
data/Mali/CHAMPS_Verbal_Autopsy_Form_results.xlsx,Section_1.2.Resultat_rempli_oui.Section_8.Tumefactions_oui.Tumefactions_sur1.Tume_autre,Categorical,non,swelling_other,no
data/Mali/CHAMPS_Verbal_Autopsy_Form_results.xlsx,Section_1.2.Resultat_rempli_oui.Section_8.Tumefactions_oui.Tumefactions_sur1.Tume_autre,Categorical,oui,swelling_other,yes
data/Mali/CHAMPS_Verbal_Autopsy_Form_results.xlsx,Section_1.2.Resultat_rempli_oui.Section_8.Tumefactions_oui.Tumefactions_sur1.Tume_autre,Categorical,ne_sait_pas,swelling_other,unknown
data/Mali/CHAMPS_Verbal_Autopsy_Form_results.xlsx,Section_1.2.Resultat_rempli_oui.Section_8.Bosses,Categorical,ne_sait_pas,lumps,unknown
data/Mali/CHAMPS_Verbal_Autopsy_Form_results.xlsx,Section_1.2.Resultat_rempli_oui.Section_8.Bosses,Categorical,oui,lumps,yes
data/Mali/CHAMPS_Verbal_Autopsy_Form_results.xlsx,Section_1.2.Resultat_rempli_oui.Section_8.Bosses,Categorical,non,lumps,no
data/Mali/CHAMPS_Verbal_Autopsy_Form_results.xlsx,Section_1.2.Resultat_rempli_oui.Section_8.Bosses_oui.Temps_bosses,Non-categorical,jours,lumps_days,
data/Mali/CHAMPS_Verbal_Autopsy_Form_results.xlsx,Section_1.2.Resultat_rempli_oui.Section_8.Bosses_oui.Temps_bosses1,Non-categorical,mois,lumps_months,
data/Mali/CHAMPS_Verbal_Autopsy_Form_results.xlsx,Section_1.2.Resultat_rempli_oui.Section_8.Bosses_oui.Bosses_sur1.Bosses_bouche,Categorical,bouche,lumps_mouth,mouth
data/Mali/CHAMPS_Verbal_Autopsy_Form_results.xlsx,Section_1.2.Resultat_rempli_oui.Section_8.Bosses_oui.Bosses_sur1.Bosses_cou,Categorical,cou,lumps_neck,neck
data/Mali/CHAMPS_Verbal_Autopsy_Form_results.xlsx,Section_1.2.Resultat_rempli_oui.Section_8.Bosses_oui.Bosses_sur1.Bosses_aisselle,Categorical,aisselle,lumps_armpit,armpit
data/Mali/CHAMPS_Verbal_Autopsy_Form_results.xlsx,Section_1.2.Resultat_rempli_oui.Section_8.Bosses_oui.Bosses_sur1.Bosses_aine,Categorical,aine,lumps_groin,groin
data/Mali/CHAMPS_Verbal_Autopsy_Form_results.xlsx,Section_1.2.Resultat_rempli_oui.Section_8.Bosses_oui.Bosses_sur1.Bosses_autre,Categorical,autre,lumps_other,
data/Mali/CHAMPS_Verbal_Autopsy_Form_results.xlsx,Section_1.2.Resultat_rempli_oui.Section_8.Jaune_yeux,Categorical,non,yellow_eyes,no
data/Mali/CHAMPS_Verbal_Autopsy_Form_results.xlsx,Section_1.2.Resultat_rempli_oui.Section_8.Jaune_yeux,Categorical,ne_sait_pas,yellow_eyes,unknown
data/Mali/CHAMPS_Verbal_Autopsy_Form_results.xlsx,Section_1.2.Resultat_rempli_oui.Section_8.Jaune_yeux,Categorical,oui,yellow_eyes,yes
data/Mali/CHAMPS_Verbal_Autopsy_Form_results.xlsx,Section_1.2.Resultat_rempli_oui.Section_8.Temps_jaune_yeux,Non-categorical,jours,yellow_eyes_days,
data/Mali/CHAMPS_Verbal_Autopsy_Form_results.xlsx,Section_1.2.Resultat_rempli_oui.Section_8.Temps_jaune_yeux,Categorical,ne_sait_pas,yellow_eyes_unknown,unknown
data/Mali/CHAMPS_Verbal_Autopsy_Form_results.xlsx,Section_1.2.Resultat_rempli_oui.Section_8.Cheveux,Categorical,non,hair_change,no
data/Mali/CHAMPS_Verbal_Autopsy_Form_results.xlsx,Section_1.2.Resultat_rempli_oui.Section_8.Cheveux,Categorical,oui,hair_change,yes
data/Mali/CHAMPS_Verbal_Autopsy_Form_results.xlsx,Section_1.2.Resultat_rempli_oui.Section_8.Cheveux,Categorical,ne_sait_pas,hair_change,unknown
data/Mali/CHAMPS_Verbal_Autopsy_Form_results.xlsx,Section_1.2.Resultat_rempli_oui.Section_8.Temps_cheveux,Non-categorical,jours,hair_change_days,
data/Mali/CHAMPS_Verbal_Autopsy_Form_results.xlsx,Section_1.2.Resultat_rempli_oui.Section_8.Pale,Categorical,non,pale,no
data/Mali/CHAMPS_Verbal_Autopsy_Form_results.xlsx,Section_1.2.Resultat_rempli_oui.Section_8.Pale,Categorical,oui,pale,yes
data/Mali/CHAMPS_Verbal_Autopsy_Form_results.xlsx,Section_1.2.Resultat_rempli_oui.Section_8.Pale,Categorical,ne_sait_pas,pale,unknown
data/Mali/CHAMPS_Verbal_Autopsy_Form_results.xlsx,Section_1.2.Resultat_rempli_oui.Section_8.Temps_pale,Non-categorical,jours,pale_days,
data/Mali/CHAMPS_Verbal_Autopsy_Form_results.xlsx,Section_1.2.Resultat_rempli_oui.Section_8.Temps_pale,Categorical,ne_sait_pas,pale_days,unknown
data/Mali/CHAMPS_Verbal_Autopsy_Form_results.xlsx,Section_1.2.Resultat_rempli_oui.Section_9.Vaccine_rougeole,Categorical,oui,vaccinated_measles,yes
data/Mali/CHAMPS_Verbal_Autopsy_Form_results.xlsx,Section_1.2.Resultat_rempli_oui.Section_9.Vaccine_rougeole,Categorical,ne_sait_pas,vaccinated_measles,unknown
data/Mali/CHAMPS_Verbal_Autopsy_Form_results.xlsx,Section_1.2.Resultat_rempli_oui.Section_9.Vaccine_rougeole,Categorical,non,vaccinated_measles,no
data/Mali/CHAMPS_Verbal_Autopsy_Form_results.xlsx,Section_1.2.Resultat_rempli_oui.Section_9.Traitement_mal,Categorical,oui,treatment_led_to_death,yes
data/Mali/CHAMPS_Verbal_Autopsy_Form_results.xlsx,Section_1.2.Resultat_rempli_oui.Section_9.Traitement_mal,Categorical,non,treatment_led_to_death,no
data/Mali/CHAMPS_Verbal_Autopsy_Form_results.xlsx,Section_1.2.Resultat_rempli_oui.Section_9.Traitement_mal,Categorical,ne_sait_pas,treatment_led_to_death,unknown
data/Mali/CHAMPS_Verbal_Autopsy_Form_results.xlsx,Section_1.2.Resultat_rempli_oui.Section_9.Traitement_oui.Type_traitement1.Traite_liquide,Categorical,oui,treatment_iv,yes
data/Mali/CHAMPS_Verbal_Autopsy_Form_results.xlsx,Section_1.2.Resultat_rempli_oui.Section_9.Traitement_oui.Type_traitement1.Traite_liquide,Categorical,non,treatment_iv,no
data/Mali/CHAMPS_Verbal_Autopsy_Form_results.xlsx,Section_1.2.Resultat_rempli_oui.Section_9.Traitement_oui.Type_traitement1.Traite_liquide,Categorical,ne_sait_pas,treatment_iv,unknown
data/Mali/CHAMPS_Verbal_Autopsy_Form_results.xlsx,Section_1.2.Resultat_rempli_oui.Section_9.Traitement_oui.Type_traitement1.Traite_transfusion,Categorical,non,treatment_transfusion,no
data/Mali/CHAMPS_Verbal_Autopsy_Form_results.xlsx,Section_1.2.Resultat_rempli_oui.Section_9.Traitement_oui.Type_traitement1.Traite_transfusion,Categorical,ne_sait_pas,treatment_transfusion,unknown
data/Mali/CHAMPS_Verbal_Autopsy_Form_results.xlsx,Section_1.2.Resultat_rempli_oui.Section_9.Traitement_oui.Type_traitement1.Traite_transfusion,Categorical,oui,treatment_transfusion,yes
data/Mali/CHAMPS_Verbal_Autopsy_Form_results.xlsx,Section_1.2.Resultat_rempli_oui.Section_9.Traitement_oui.Type_traitement1.Traite_catheter,Categorical,non,treatment_nosetube,no
data/Mali/CHAMPS_Verbal_Autopsy_Form_results.xlsx,Section_1.2.Resultat_rempli_oui.Section_9.Traitement_oui.Type_traitement1.Traite_catheter,Categorical,ne_sait_pas,treatment_nosetube,unknown
data/Mali/CHAMPS_Verbal_Autopsy_Form_results.xlsx,Section_1.2.Resultat_rempli_oui.Section_9.Traitement_oui.Type_traitement1.Traite_catheter,Categorical,oui,treatment_nosetube,yes
data/Mali/CHAMPS_Verbal_Autopsy_Form_results.xlsx,Section_1.2.Resultat_rempli_oui.Section_9.Traitement_oui.Type_traitement1.Traite_autres,Categorical,oui,treatment_other,yes
data/Mali/CHAMPS_Verbal_Autopsy_Form_results.xlsx,Section_1.2.Resultat_rempli_oui.Section_9.Traitement_oui.Type_traitement1.Traite_autres,Categorical,ne_sait_pas,treatment_other,unknown
data/Mali/CHAMPS_Verbal_Autopsy_Form_results.xlsx,Section_1.2.Resultat_rempli_oui.Section_9.Traitement_oui.Type_traitement1.Traite_autres,Categorical,non,treatment_other,no
data/Mali/CHAMPS_Verbal_Autopsy_Form_results.xlsx,Section_1.2.Resultat_rempli_oui.Section_9.Traitement_oui.Centres_traitement1.Maison,Categorical,oui,treatment_home,yes
data/Mali/CHAMPS_Verbal_Autopsy_Form_results.xlsx,Section_1.2.Resultat_rempli_oui.Section_9.Traitement_oui.Centres_traitement1.Maison,Categorical,non,treatment_home,no
data/Mali/CHAMPS_Verbal_Autopsy_Form_results.xlsx,Section_1.2.Resultat_rempli_oui.Section_9.Traitement_oui.Centres_traitement1.Guerisseur,Categorical,oui,treatment_healer,yes
data/Mali/CHAMPS_Verbal_Autopsy_Form_results.xlsx,Section_1.2.Resultat_rempli_oui.Section_9.Traitement_oui.Centres_traitement1.Guerisseur,Categorical,non,treatment_healer,no
data/Mali/CHAMPS_Verbal_Autopsy_Form_results.xlsx,Section_1.2.Resultat_rempli_oui.Section_9.Traitement_oui.Centres_traitement1.Clinique_gouv,Categorical,non,treatment_gov_clinic,no
data/Mali/CHAMPS_Verbal_Autopsy_Form_results.xlsx,Section_1.2.Resultat_rempli_oui.Section_9.Traitement_oui.Centres_traitement1.Clinique_gouv,Categorical,oui,treatment_gov_clinic,yes
data/Mali/CHAMPS_Verbal_Autopsy_Form_results.xlsx,Section_1.2.Resultat_rempli_oui.Section_9.Traitement_oui.Centres_traitement1.Hopital_gouv,Categorical,oui,treatment_gov_hospital,nyes
data/Mali/CHAMPS_Verbal_Autopsy_Form_results.xlsx,Section_1.2.Resultat_rempli_oui.Section_9.Traitement_oui.Centres_traitement1.Hopital_gouv,Categorical,non,treatment_gov_hospital,no
data/Mali/CHAMPS_Verbal_Autopsy_Form_results.xlsx,Section_1.2.Resultat_rempli_oui.Section_9.Traitement_oui.Centres_traitement1.Clinique_privee,Categorical,non,treatment_private_clinic,no
data/Mali/CHAMPS_Verbal_Autopsy_Form_results.xlsx,Section_1.2.Resultat_rempli_oui.Section_9.Traitement_oui.Centres_traitement1.Clinique_privee,Categorical,oui,treatment_private_clinic,yes
data/Mali/CHAMPS_Verbal_Autopsy_Form_results.xlsx,Section_1.2.Resultat_rempli_oui.Section_9.Traitement_oui.Centres_traitement1.Hopital_prive,Categorical,non,treatment_private_hospital,no
data/Mali/CHAMPS_Verbal_Autopsy_Form_results.xlsx,Section_1.2.Resultat_rempli_oui.Section_9.Traitement_oui.Centres_traitement1.Hopital_prive,Categorical,oui,treatment_private_hospital,yes
data/Mali/CHAMPS_Verbal_Autopsy_Form_results.xlsx,Section_1.2.Resultat_rempli_oui.Section_9.Traitement_oui.Centres_traitement1.Pharmacie,Categorical,non,treatment_pharmacy,no
data/Mali/CHAMPS_Verbal_Autopsy_Form_results.xlsx,Section_1.2.Resultat_rempli_oui.Section_9.Traitement_oui.Centres_traitement1.Pharmacie,Categorical,oui,treatment_pharmacy,yes
data/Mali/CHAMPS_Verbal_Autopsy_Form_results.xlsx,Section_1.2.Resultat_rempli_oui.Section_9.Traitement_oui.Centres_traitement1.Autre_centre,Categorical,oui,treatment_other_center,yes
data/Mali/CHAMPS_Verbal_Autopsy_Form_results.xlsx,Section_1.2.Resultat_rempli_oui.Section_9.Traitement_oui.Centres_traitement1.Autre_centre,Categorical,non,treatment_other_center,no
data/Mali/CHAMPS_Verbal_Autopsy_Form_results.xlsx,Section_1.2.Resultat_rempli_oui.Section_9.Traitement_oui.Jours_centre_saisi,Non-categorical,jours,seekcare_days,
data/Mali/CHAMPS_Verbal_Autopsy_Form_results.xlsx,Section_1.2.Resultat_rempli_oui.Section_9.Traitement_oui.Jours_centre_saisi,Categorical,ne_sait_pas,seekcare_days,unknown
data/Mali/CHAMPS_Verbal_Autopsy_Form_results.xlsx,Section_1.2.Resultat_rempli_oui.Section_9.Traitement_oui.Admis_hopital,Categorical,non,admit_hospital_during_illness,no
data/Mali/CHAMPS_Verbal_Autopsy_Form_results.xlsx,Section_1.2.Resultat_rempli_oui.Section_9.Traitement_oui.Admis_hopital,Categorical,oui,admit_hospital_during_illness,yes
data/Mali/CHAMPS_Verbal_Autopsy_Form_results.xlsx,Section_1.2.Resultat_rempli_oui.Section_9.Traitement_oui.Admis_hopital,Categorical,ne_sait_pas,admit_hospital_during_illness,unknown
data/Mali/CHAMPS_Verbal_Autopsy_Form_results.xlsx,Section_1.2.Resultat_rempli_oui.Section_9.Traitement_oui.Admis_hopital_oui.Nom_centre,Non-categorical,Non-categorical variable,admit_facility_name,
data/Mali/CHAMPS_Verbal_Autopsy_Form_results.xlsx,Section_1.2.Resultat_rempli_oui.Section_9.Traitement_oui.Admis_hopital_oui.Raison_admis,Non-categorical,Non-categorical variable,admit_facility_reason,
data/Mali/CHAMPS_Verbal_Autopsy_Form_results.xlsx,Section_1.2.Resultat_rempli_oui.Section_9.Traitement_oui.Admis_hopital_oui.Traite_IV,Categorical,oui,treatment_iv_fluids,yes
data/Mali/CHAMPS_Verbal_Autopsy_Form_results.xlsx,Section_1.2.Resultat_rempli_oui.Section_9.Traitement_oui.Admis_hopital_oui.Traite_IV,Categorical,non,treatment_iv_fluids,no
data/Mali/CHAMPS_Verbal_Autopsy_Form_results.xlsx,Section_1.2.Resultat_rempli_oui.Section_9.Traitement_oui.Admis_hopital_oui.Traite_IV,Categorical,ne_sait_pas,treatment_iv_fluids,unknown
data/Mali/CHAMPS_Verbal_Autopsy_Form_results.xlsx,Section_1.2.Resultat_rempli_oui.Section_9.Contacts,Categorical,ne_sait_pas,contacts_with_health_services,unknown
data/Mali/CHAMPS_Verbal_Autopsy_Form_results.xlsx,Section_1.2.Resultat_rempli_oui.Section_9.Contacts,Categorical,oui,contacts_with_health_services,yes
data/Mali/CHAMPS_Verbal_Autopsy_Form_results.xlsx,Section_1.2.Resultat_rempli_oui.Section_9.Contacts,Categorical,non,contacts_with_health_services,no
data/Mali/CHAMPS_Verbal_Autopsy_Form_results.xlsx,Section_1.2.Resultat_rempli_oui.Section_9.Contacts_oui.Contacts_nombre,Categorical,contacts,number_contacts_health_services,
data/Mali/CHAMPS_Verbal_Autopsy_Form_results.xlsx,Section_1.2.Resultat_rempli_oui.Section_9.Contacts_oui.Travailleurs_cause,Categorical,non,health_worker_reason_death,no
data/Mali/CHAMPS_Verbal_Autopsy_Form_results.xlsx,Section_1.2.Resultat_rempli_oui.Section_9.Contacts_oui.Travailleurs_cause,Categorical,oui,health_worker_reason_death,yes
data/Mali/CHAMPS_Verbal_Autopsy_Form_results.xlsx,Section_1.2.Resultat_rempli_oui.Section_9.Contacts_oui.Travailleurs_cause,Categorical,ne_sait_pas,health_worker_reason_death,unknown
data/Mali/CHAMPS_Verbal_Autopsy_Form_results.xlsx,Section_1.2.Resultat_rempli_oui.Section_9.Contacts_oui.Agent_cause,Non-categorical,Non-categorical variable,health_worker_reason_death_explanation,
data/Mali/CHAMPS_Verbal_Autopsy_Form_results.xlsx,Section_1.2.Resultat_rempli_oui.Section_9.Operation,Categorical,non,operation,no
data/Mali/CHAMPS_Verbal_Autopsy_Form_results.xlsx,Section_1.2.Resultat_rempli_oui.Section_9.Operation,Categorical,oui,operation,yes
data/Mali/CHAMPS_Verbal_Autopsy_Form_results.xlsx,Section_1.2.Resultat_rempli_oui.Section_9.Operation,Categorical,ne_sait_pas,operation,unknown
data/Mali/CHAMPS_Verbal_Autopsy_Form_results.xlsx,Section_1.2.Resultat_rempli_oui.Section_9.Operation_oui.Temps_operation,Non-categorical,jours,operation_days_before_death,
data/Mali/CHAMPS_Verbal_Autopsy_Form_results.xlsx,Section_1.2.Resultat_rempli_oui.Section_9.Operation_oui.Partie_operation,Categorical,ventre,operation_part,abdomen
data/Mali/CHAMPS_Verbal_Autopsy_Form_results.xlsx,Section_1.2.Resultat_rempli_oui.Section_9.Operation_oui.Partie_operation,Categorical,tete,operation_part,head
data/Mali/CHAMPS_Verbal_Autopsy_Form_results.xlsx,Section_1.2.Resultat_rempli_oui.Section_9.Operation_oui.Partie_operation,Categorical,chest,operation_part,chest
data/Mali/CHAMPS_Verbal_Autopsy_Form_results.xlsx,Section_1.2.Resultat_rempli_oui.Section_9.Operation_oui.Partie_operation,Categorical,other,operation_part,other
data/Mali/CHAMPS_Verbal_Autopsy_Form_results.xlsx,Section_1.2.Resultat_rempli_oui.Section_9.Operation_oui.Partie_operation,Categorical,ne_sait_pas,operation_part,unknown
data/Mali/CHAMPS_Verbal_Autopsy_Form_results.xlsx,Section_1.2.Resultat_rempli_oui.Section_9.Operation_oui.Autre_partie,Non-categorical,Non-categorical variable,operation_part_specific,
data/Mali/CHAMPS_Verbal_Autopsy_Form_results.xlsx,Section_1.2.Resultat_rempli_oui.Section_10.Certificat,Categorical,non,death_certificate,no
data/Mali/CHAMPS_Verbal_Autopsy_Form_results.xlsx,Section_1.2.Resultat_rempli_oui.Section_10.Certificat,Categorical,ne_sait_pas,death_certificate,unknown
data/Mali/CHAMPS_Verbal_Autopsy_Form_results.xlsx,Section_1.2.Resultat_rempli_oui.Section_10.Certificat,Categorical,oui,death_certificate,yes
data/Mali/CHAMPS_Verbal_Autopsy_Form_results.xlsx,Section_1.2.Resultat_rempli_oui.Section_10.Certificat_oui.Voir_certificat,Categorical,oui,see_death_certificate,yes
data/Mali/CHAMPS_Verbal_Autopsy_Form_results.xlsx,Section_1.2.Resultat_rempli_oui.Section_10.Certificat_oui.Voir_certificat,Categorical,non,see_death_certificate,no
data/Mali/CHAMPS_Verbal_Autopsy_Form_results.xlsx,Section_1.2.Resultat_rempli_oui.Section_10.Certificat_oui.Date_certificat,Non-categorical,Non-categorical variable,date_death_certificate,
data/Mali/CHAMPS_Verbal_Autopsy_Form_results.xlsx,Section_1.2.Resultat_rempli_oui.Section_10.Certificat_oui.Date_obtention,Non-categorical,Non-categorical variable,date_issue_death_certificate,
data/Mali/CHAMPS_Verbal_Autopsy_Form_results.xlsx,Section_1.2.Resultat_rempli_oui.Section_10.Certificat_oui.Certificat_cause1,Non-categorical,Non-categorical variable,certificate_cause_of_death_1,
data/Mali/CHAMPS_Verbal_Autopsy_Form_results.xlsx,Section_1.2.Resultat_rempli_oui.Section_10.Certificat_oui.Certificat_cause2,Non-categorical,Non-categorical variable,certificate_cause_of_death_2,
data/Mali/CHAMPS_Verbal_Autopsy_Form_results.xlsx,Section_1.2.Resultat_rempli_oui.Section_10.Certificat_oui.Certificat_cause3,Non-categorical,Non-categorical variable,certificate_cause_of_death_3,
data/Mali/CHAMPS_Verbal_Autopsy_Form_results.xlsx,Section_1.2.Resultat_rempli_oui.Section_10.Certificat_oui.Certificat_cause4,Non-categorical,Non-categorical variable,certificate_cause_of_death_4,
data/Mali/CHAMPS_Verbal_Autopsy_Form_results.xlsx,Section_1.2.Resultat_rempli_oui.Section_11.Autre_rapport,Categorical,non,other_health_records_available_no,no
data/Mali/CHAMPS_Verbal_Autopsy_Form_results.xlsx,Section_1.2.Resultat_rempli_oui.Section_11.Autre_rapport,Categorical,oui,other_health_records_available_yes,yes
data/Mali/CHAMPS_Verbal_Autopsy_Form_results.xlsx,Section_1.2.Resultat_rempli_oui.Section_11.Autre_rapport_oui.Permit,Non-categorical,Non-categorical variable,burial_permit_results,
data/Mali/CHAMPS_Verbal_Autopsy_Form_results.xlsx,Section_1.2.Resultat_rempli_oui.Section_11.Autre_rapport_oui.Autopsie,Non-categorical,Non-categorical variable,post_mortem_results,
data/Mali/CHAMPS_Verbal_Autopsy_Form_results.xlsx,Section_1.2.Resultat_rempli_oui.Section_11.Autre_rapport_oui.Carte,Non-categorical,Non-categorical variable,mchanc_card_results,
data/Mali/CHAMPS_Verbal_Autopsy_Form_results.xlsx,Section_1.2.Resultat_rempli_oui.Section_11.Autre_rapport_oui.Ordannance,Non-categorical,Non-categorical variable,prescription,
data/Mali/CHAMPS_Verbal_Autopsy_Form_results.xlsx,Section_1.2.Resultat_rempli_oui.Section_11.Autre_rapport_oui.Carnet,Non-categorical,Non-categorical variable,treatment_cards,
data/Mali/CHAMPS_Verbal_Autopsy_Form_results.xlsx,Section_1.2.Resultat_rempli_oui.Section_11.Autre_rapport_oui.Decharge,Non-categorical,Non-categorical variable,dischardge,
data/Mali/CHAMPS_Verbal_Autopsy_Form_results.xlsx,Section_1.2.Resultat_rempli_oui.Section_11.Autre_rapport_oui.Res_laboratoire,Non-categorical,Non-categorical variable,lab_results,
data/Mali/CHAMPS_Verbal_Autopsy_Form_results.xlsx,Section_1.2.Resultat_rempli_oui.Section_11.Autre_rapport_oui.Autres_doc,Non-categorical,Non-categorical variable,other_hospital_documents,
data/Mali/CHAMPS_Verbal_Autopsy_Form_results.xlsx,Section_1.2.Resultat_rempli_oui.Heure_arret,Non-categorical,Non-categorical variable,stop_time,
data/Mali/CHAMPS_Verbal_Autopsy_Form_results.xlsx,Section_1.2.Resultat_rempli_oui.Observations_int,Non-categorical,Non-categorical variable,,
data/Mali/CHAMPS_Verbal_Autopsy_Form_results.xlsx,Nom_int,Non-categorical,Non-categorical variable,,
data/Mali/CHAMPS_Verbal_Autopsy_Form_results.xlsx,Code_int,Non-categorical,Non-categorical variable,,
data/Mali/CHAMPS_Verbal_Autopsy_Form_results.xlsx,Nom_sup,Non-categorical,Non-categorical variable,,
data/Mali/CHAMPS_Verbal_Autopsy_Form_results.xlsx,Date,Non-categorical,Non-categorical variable,,
,,,,,
,,,,,
,,,,,